Rank,University Name
"
1
",Harvard University
"
2
",Stanford University
"
3
",Massachusetts Institute of Technology (MIT)
"
4
",University of Cambridge
"
5
","University of California, Berkeley"
"
6
",Princeton University
"
7
",University of Oxford
"
8
",Columbia University
"
9
",California Institute of Technology
"
10
",University of Chicago
"
11
",Yale University
"
12
",Cornell University
"
13
","University of California, Los Angeles"
"
14
",Johns Hopkins University
"
15
",University of Pennsylvania
"
16
",Paris-Saclay University
"
17
",University of Washington
"
18
",University College London
"
19
","University of California, San Francisco"
"
20
",ETH Zurich
"
21
","University of California, San Diego"
"
22
",University of Toronto
"
23
",Imperial College London
"
24
",The University of Tokyo
"
25
",New York University
"
26
",Tsinghua University
"
27
",Washington University in St. Louis
"
28
",University of Michigan-Ann Arbor
"
29
",University of North Carolina at Chapel Hill
"
30
",Northwestern University
